,Accuracy,Bearing,acceleration_x,acceleration_y,acceleration_z,gyro_x,gyro_y,gyro_z,second,Speed
max,6070.101,359.9994812011719,78.419685,75.055885,78.44842,48.45575,80.314964,66.30078,1495796757.0,148.01863
min,0.75,0.0,0.0,0.0,0.0,0.0,0.0,0.0,0.0,0.0
1pct,3.0,0.0,-3.6914415399999996,-10.713516235351562,-8.116073608398438,-0.34098291599999997,-0.43875830000000005,-0.25045475,8.0,-1.0
99pct,50.0,356.0,3.9816790000000006,11.399414,9.591736000000001,0.33664878130015763,0.42216067410027835,0.24757065072707463,1942.4000000003725,26.69
